[
    {
        "dp":"https://image.winudf.com/v2/image1/bmV0LndsbHBwci5ib3lzX3Byb2ZpbGVfcGljdHVyZXNfc2NyZWVuXzZfMTY2NzUzNzYyMV8wMzQ/screen-6.jpg?fakeurl=1&type=.jpg",
        "user": "kunalyadav_1110",
        "post":"https://natureconservancy-h.assetsadobe.com/is/image/content/dam/tnc/nature/en/photos/w/o/WOPA160517_D056-resized.jpg?crop=864%2C0%2C1728%2C2304&wid=600&hei=800&scl=2.88"
    },
    {
        "dp":"https://encrypted-tbn0.gstatic.com/images?q=tbn:ANd9GcTvX5cmV9Uy0rl4K_7NokTxk9IcWOKS4tG0vbI7JaPN_g&s",
        "user": "gitika_1718",
        "post":"https://images.pexels.com/photos/3225517/pexels-photo-3225517.jpeg?cs=srgb&dl=pexels-michael-block-1691617-3225517.jpg&fm=jpg"

    }
    ,{
        "dp":"https://play-lh.googleusercontent.com/0j8PvQpu6cg5g5G0sNJ97TD68sNqW9SmyDKVEDRUqk_Fg07ZHguu24vMcQBqIqE0jg=w526-h296-rw",
        "user": "aryan.wud",
        "post":"https://cdn11.bigcommerce.com/s-x49po/images/stencil/1500x1500/products/87847/251225/1663011408801_IMG_2530__11115.1687002974.jpg?c=2"

    },
    {
        "dp":"https://encrypted-tbn0.gstatic.com/images?q=tbn:ANd9GcSV1Uo7ap1nwFSayzEACu2pq_PsItmv8tv2jqVcX6Ynuw&s",
        "user": "bhumiii_25",
        "post":"https://rukminim2.flixcart.com/image/850/1000/xif0q/painting/7/v/x/08-1-painting-110-dakshina-art-original-imaggpzevvc5zgfv.jpeg?q=20&crop=false"

    },
    {
        "dp":"https://connectgujarat.com/wp-content/uploads/2021/04/9-15.jpg",
        "user": "aaryaa.001",
        "post":"https://marketplace.canva.com/EAFtOHXHEJk/1/0/900w/canva-black-river-sunset-watercolor-illustration-phone-wallpaper-mpNDTdQnfDw.jpg"

    },
    {
        "dp":"https://connectgujarat.com/wp-content/uploads/2021/04/9-15.jpg",
        "user": "aaryaa.001",
        "post":"https://assets.vogue.in/photos/65b22e2d187c77d786cdae45/1:1/w_2421,h_2421,c_limit/912718786"

    },
    {
        "dp":"https://connectgujarat.com/wp-content/uploads/2021/04/9-15.jpg",
        "user": "aaryaa.001",
        "post":"https://images.pexels.com/photos/1032650/pexels-photo-1032650.jpeg"

    },
    {
        "dp":"https://connectgujarat.com/wp-content/uploads/2021/04/9-15.jpg",
        "user": "aaryaa.001",
        "post":"https://d1csarkz8obe9u.cloudfront.net/posterpreviews/life-qoutes-design-template-991b88fc401e882321f9f07250472e30_screen.jpg?ts=1637036796"

    }
]